Time,rpm1,rpm2,rpm3,rpm4,Drone_Fz_body,Drone_Taux_body,Drone_Tauy_body,Drone_Tauz_body,Loadcell_Fx,Loadcell_Fy,Loadcell_Fz
0.0002,16480.68321020647,15980.683210206469,15980.683210206469,16480.68321020647,-0.20804934802200542,0.00020824754917738364,0.0,0.0,-0.13059747021837426,0.08944445313489158,5.851133858844081
0.0022000000000000006,16490.578759988584,15989.323012514216,15990.893807435392,16489.636283432756,-0.2082909792059618,0.00020836809813225168,5.216711369548932e-07,0.0,-0.1305666745694182,0.0894746891580003,5.851091782457773
0.004200000000000001,16500.473283840754,15997.963573354724,16001.105154763385,16498.588338170593,-0.20853274753294543,0.00020848789403513134,1.0439468107752321e-06,0.0,-0.13054171180273272,0.0894999909301655,5.851057737755336
0.006199999999999997,16510.366644102258,16006.604762995346,16011.317114024148,16507.539244200707,-0.20877464955791258,0.00020860693388275874,1.5668237027444045e-06,0.0,-0.13052185513259287,0.0895213821755981,5.851031685192289
0.008199999999999995,16520.25870311939,16015.246451704032,16021.529547052101,16516.48887131073,-0.20901668182793318,0.00020872521467484723,2.09029846923647e-06,0.0,-0.13050649741632925,0.08953970950310218,5.851013582739487
0.0102,16530.149323247373,16023.888509751221,16031.742315684289,16525.437089297084,-0.20925884088224037,0.0002088427334141778,2.6143677417254842e-06,0.0,-0.13049513059480522,0.08955567242374664,5.851003386145434
0.012200000000000006,16540.038366852306,16032.530807411693,16041.955281762299,16534.383767966876,-0.2095011232522808,0.00020895948710669492,3.139028126834722e-06,0.0,-0.13048732863661158,0.0895698482619778,5.851001049156193
0.014200000000000011,16549.92569631309,16041.17321496648,16052.16830713424,16543.328777139755,-0.20974352546176606,0.00020907547276159352,3.6642762063325562e-06,0.0,-0.13048273338980634,0.08958271282946047,5.851006523699705
0.016200000000000013,16559.81117402334,16049.815602704706,16062.381253656613,16552.271986649794,-0.20998604402672322,0.00020919068739142128,4.1901085371829835e-06,0.0,-0.13048104284644998,0.08959465758294527,5.851019760040301
0.0182,16569.694662393333,16058.457840925497,16072.593983196273,16561.213266347382,-0.21022867545554697,0.00020930512801216024,4.716521651560151e-06,0.0,-0.13048200140937374,0.08960600386467665,5.851040706908279
0.02019999999999999,16579.576023851925,16067.099799939851,16082.80635763236,16570.152486101095,-0.21047141624905183,0.0002094187916433321,5.243512056875678e-06,0.0,-0.13048539182047403,0.08961701472197721,5.851069311608669
0.022199999999999977,16589.45512084847,16075.741350072505,16093.018238858194,16579.08951579956,-0.2107142629005244,0.0002095316753080779,5.771076235811402e-06,0.0,-0.13049102846780078,0.08962790471810245,5.851105520112643
0.024199999999999965,16599.331815854777,16084.382361663818,16103.229488783256,16588.024225353358,-0.21095721189577699,0.0002096437760332648,6.299210646352983e-06,0.0,-0.13049875183682474,0.08963884807632286,5.851149277134466
0.026199999999999952,16609.205971366988,16093.02270507165,16113.43996933506,16596.956484696882,-0.21120025971320047,0.00020975509084956512,6.827911721813762e-06,0.0,-0.13050842391118544,0.08964998544097541,5.851200526196422
0.02819999999999994,16619.077449907567,16101.662250673233,16123.649542461128,16605.886163790223,-0.21144340282381896,0.00020986561679156102,7.357175870875525e-06,0.0,-0.13051992436136578,0.08966142949094065,5.851259209683733
0.03019999999999993,16628.946114027156,16110.300868867056,16133.858070130875,16614.81313262104,-0.21168663769134338,0.00020997535089782907,7.886999477601294e-06,0.0,-0.13053314738722,0.08967326960091491,5.851325268891175
0.032199999999999916,16638.811826306555,16118.938430074737,16144.065414337578,16623.737261206446,-0.21192996077222717,0.00021008429021103525,8.417378901496696e-06,0.0,-0.13054799910310882,0.08968557571259816,5.85139864406279
0.034199999999999904,16648.674449358638,16127.57480474289,16154.271437100266,16632.658419594874,-0.2121733685157209,0.0002101924317780327,8.948310477532515e-06,0.0,-0.13056439537332282,0.08969840155031969,5.851479274425884
0.03619999999999989,16658.53384583025,16136.209863345011,16164.476000465664,16641.576477867966,-0.2124168573639285,0.00021029977264994766,9.479790516170273e-06,0.0,-0.13058226002118353,0.08971178729272848,5.851567098220286
0.03819999999999988,16668.38987840416,16144.843476383352,16174.678966510115,16650.49130614243,-0.21266042375186292,0.00021040630988227132,1.0011815303413414e-05,0.0,-0.13060152334825625,0.089725761793169,5.85166205272369
0.04019999999999987,16678.242409800972,16153.475514390795,16184.880197341514,16659.40277457192,-0.21290406410750307,0.0002105120405349575,1.0544381100841558e-05,0.0,-0.1306221209109189,0.08974034442560315,5.851764074273758
0.042199999999999856,16688.09130278106,16162.105847932711,16195.079555101216,16668.310753348935,-0.2131477748518509,0.00021061696167251642,1.1077484145652567e-05,0.0,-0.1306439925105129,0.08975554661984661,5.851873098287555
0.044199999999999844,16697.936420146474,16170.734347608859,16205.276901965974,16677.215112706657,-0.21339155239898874,0.0002107210703640968,1.1611120650687921e-05,0.0,-0.13066708136074923,0.08977137313903981,5.851989059278797
0.04619999999999983,16707.777624742866,16179.36088405524,16215.47210014985,16686.11572292084,-0.21363539315613697,0.00021082436368359135,1.2145286804483672e-05,0.0,-0.13069133340222513,0.08978782314325934,5.852111890873291
0.04819999999999982,16717.61477946143,16187.98532794597,16225.66501190616,16695.012454311676,-0.21387929352371288,0.0002109268387097136,1.2679978771328341e-05,0.0,-0.13071669673903444,0.08980489107569851,5.852241525822923
0.05019999999999981,16727.44774724081,16196.607549995168,16235.855499529356,16703.905177245688,-0.21412324989538908,0.00021102849252611086,1.3215192691267905e-05,0.0,-0.130743121176712,0.08982256740165111,5.852377896018446
0.052199999999999795,16737.27639106901,16205.227420958809,16246.043425357007,16712.79376213757,-0.21436725865815287,0.0002111293222214288,1.3750924680187545e-05,0.0,0.015587176239995736,-0.011487779899127174,6.024687523435172
0.05419999999999978,16747.10057398532,16213.8448116366,16256.228651771662,16721.67807945209,-0.21461131619236568,0.00021122932488943117,1.4287170829827911e-05,0.0,0.004493012237739585,-0.0037460048403328743,6.01133132716363
0.05619999999999977,16756.920159082274,16222.459592873845,16266.411041202811,16730.557999705932,-0.21485541887182344,0.0002113284976290779,1.4823927207857548e-05,0.0,-0.009745172101030626,0.006157268419910926,5.9943634197246904
0.05819999999999976,16766.735009507487,16231.071635563343,16276.590456128775,16739.43339346957,-0.21509956306381672,0.0002114268375446079,1.53611898578859e-05,0.0,-0.023862748402313005,0.015962815773471223,5.977609877076877
0.06019999999999975,16776.54498846566,16239.680810647205,16286.766759078653,16748.304131369176,-0.21534374512919205,0.00021152434174565764,1.589895479954008e-05,0.0,-0.036198674944039055,0.024523185432794612,5.963001486212196
0.062199999999999735,16786.349959220428,16248.286989118762,16296.939812634222,16757.170084088415,-0.21558796142241277,0.00021162100734731866,1.643721802850346e-05,0.0,-0.046959162225722245,0.031983892567746385,5.950277547681242
0.06419999999999979,16796.149785096328,16256.890042024428,16307.109479431861,16766.03112237037,-0.21583220829162122,0.00021171683147025813,1.6975975516568152e-05,0.0,-0.05633050655383928,0.03847611061906396,5.939206174404689
0.06619999999999984,16805.94432948068,16265.489840465541,16317.275622164461,16774.8871170194,-0.21607648207870084,0.0002118118112407971,1.7515223211669482e-05,0.0,-0.06447856936848594,0.044116413473214294,5.929583475022518
0.0681999999999999,16815.733455825517,16274.086255600256,16327.438103583363,16783.73793890298,-0.21632077911933842,0.0002119059437909977,1.8054957037959285e-05,0.0,-0.0715507961479773,0.049008258365567,5.9212301043190445
0.07019999999999996,16825.51702764949,16282.679158645396,16337.596786500237,16792.58345895358,-0.2165650957430877,0.0002119992262587622,1.8595172895850788e-05,0.0,-0.07767807893732935,0.05324334531798126,5.913988267697181
0.07220000000000001,16835.29490853979,16291.26842087832,16347.751533789024,16801.42354817055,-0.21680942827343216,0.00021209165578792784,1.913586666206133e-05,0.0,-0.0829764642189252,0.056902856905426145,5.907719113114086
0.07420000000000007,16845.066962154055,16299.853913638779,16357.902208387843,16810.258077621947,-0.21705377302784973,0.00021218322952834545,1.9677034189681747e-05,0.0,-0.08754871112506725,0.06005858398977398,5.902300454927793
0.07620000000000013,16854.83305222228,16308.435508330782,16368.0486733009,16819.086918446406,-0.21729812631787593,0.0002122739446359758,2.0218671308229724e-05,0.0,-0.09148570714439297,0.06277394418718185,5.89762478312341
0.07820000000000019,16864.59304254873,16317.013076424464,16378.190791600411,16827.909941855025,-0.2175424844491699,0.00021236379827298713,2.076077382369185e-05,0.0,-0.0948677497915208,0.06510490044292704,5.893597518777991
0.08020000000000024,16874.346797013848,16325.586489457935,16388.328426428485,16836.72701913318,-0.21778684372157803,0.00021245278760783,2.13033375185967e-05,0.0,-0.09776570341611669,0.06710078732119545,5.8901354826982075
0.0822000000000003,16884.094179576157,16334.155619039137,16398.461440999068,16845.53802164245,-0.21803120042920068,0.0002125409098153487,2.1846358152068177e-05,0.0,-0.10024204059337855,0.06880505258721784,5.8871655491769905
0.08420000000000036,16893.835054274183,16342.720336847717,16408.589698599822,16854.34282082239,-0.21827555086045744,0.0002126281620768544,2.2389831459881243e-05,0.0,-0.10235177749172185,0.07025592144825138,5.884623460965765
0.08620000000000042,16903.56928522833,16351.280514636865,16418.713062594055,16863.141288192466,-0.21851989129815366,0.00021271454158022242,2.2933753154520892e-05,0.0,-0.10414331235129551,0.07148699048923396,5.8824527850108534
0.08820000000000047,16913.29673664282,16359.836024235183,16428.831396422614,16871.933295353854,-0.218764218019547,0.00021280004551997903,2.3478118925256532e-05,0.0,-0.10565917580161442,0.07252775793413412,5.880603991385669
0.09020000000000053,16923.017272807574,16368.386737548535,16438.944563605783,16880.718713991337,-0.21900852729641482,0.0002128846710973992,2.4022924438183184e-05,0.0,-0.10693670125142984,0.07340409641802154,5.879033640269474
0.09220000000000059,16932.73075810012,16376.932526561899,16449.052427745213,16889.49741587512,-0.21925281539512137,0.00021296841552058323,2.456816533630041e-05,0.0,-0.10800862303871546,0.07413867399175914,5.877703663862362
0.09420000000000064,16942.437056987488,16385.473263341224,16459.154852525808,16898.26927286272,-0.21949707857668613,0.0002130512760045609,2.5113837239570643e-05,0.0,-0.10890360946168615,0.07475132861774272,5.876580731852756
0.0962000000000007,16952.13603402814,16394.00882003527,16469.25170171761,16907.034156900772,-0.21974131309685158,0.00021313324977137102,2.565993574498316e-05,0.0,-0.10964673724353534,0.07525940096297154,5.875635690522525
0.09820000000000076,16961.827553873816,16402.53906887747,16479.34283917774,16915.79194002692,-0.21998551520615245,0.00021321433405015427,2.6206456426626935e-05,0.0,-0.1102599134284703,0.07567802986287699,5.874843066829831
0.10020000000000082,16971.511481271467,16411.063882187776,16489.428128852258,16924.542494371643,-0.22022968114998434,0.0002132945260772401,2.6753394835738993e-05,0.0,-0.11076225017415739,0.076020414420596,5.874180629886584
0.10220000000000087,16981.187681065156,16419.5831323745,16499.507434778076,16933.285692160116,-0.22047380716867365,0.00021337382309624697,2.7300746500795274e-05,0.0,-0.11117039740163684,0.07629804632435512,5.873629003175599
0.10420000000000093,16990.856018197926,16428.096691936153,16509.58062108487,16942.021405714033,-0.22071788949754717,0.00021345222235815038,2.784850692756245e-05,0.0,-0.11149883779220517,0.07652091561191052,5.8731713216550725
0.10620000000000099,17000.51635771372,16436.60443346333,16519.64755199695,16950.749507453475,-0.2209619243670026,0.00021352972112138966,2.8396671599179675e-05,0.0,-0.11176897413171671,0.07670380440488235,5.872782549204794
0.10820000000000105,17010.16856475925,16445.106229640493,16529.708091835157,16959.469869898734,-0.22120590800257872,0.00021360631665194997,2.89452359762128e-05,0.0,-0.11200124459491904,0.07686082201300264,5.872438752650506
0.1102000000000011,17019.812504585898,16453.60195324786,16539.76210501878,16968.18236567218,-0.22144983662502718,0.00021368200622344968,2.9494195496739808e-05,0.0,-0.1121976346674055,0.07699330110951685,5.8721376782235275
0.11220000000000116,17029.448042551605,16462.09147716322,16549.809456067414,16976.886867500063,-0.22169370645038305,0.00021375678711723148,3.0043545576425397e-05,0.0,-0.11236040809361647,0.07710277322300134,5.871876729785496
0.11420000000000122,17039.07504412276,16470.574674363794,16559.850009602877,16985.583248214396,-0.22193751369003747,0.00021383065662244558,3.05932816085765e-05,0.0,-0.11249222110868966,0.07719104662325486,5.871652835329082
0.11620000000000127,17048.6933748761,16479.051417928044,16569.88363035107,16994.271380754748,-0.22218125455080917,0.00021390361203615384,3.1143398964234665e-05,0.0,-0.11259598370478681,0.07726010926958642,5.871462611153274
0.11820000000000133,17058.30290050054,16487.52158103753,16579.91018314389,17002.951138170112,-0.22242492523501736,0.00021397565066338638,3.1693892992237837e-05,0.0,-0.11267473888369568,0.07731204443808586,5.871302505043252
0.12020000000000139,17067.90348679913,16495.985036978745,16589.92953292111,17011.62239362073,-0.22266852194055464,0.00021404676981726014,3.224475901930841e-05,0.0,-0.1127315617392065,0.07734896025863297,5.871168916225566
0.12220000000000145,17077.49499969088,16504.441659144937,16599.941544732243,17020.285020379924,-0.22291204086096017,0.00021411696681905156,3.2795992350119355e-05,0.0,-0.11276947850147329,0.07737293321445496,5.871058291886692
0.1242000000000015,17087.07730521268,16512.891321037943,16609.946083738447,17028.93889183591,-0.22315547818549344,0.00021418623899828394,3.334758826738053e-05,0.0,-0.11279140442893222,0.07738596480037703,5.870967201517528
0.12620000000000156,17096.65026952112,16521.333896270025,16619.94301521439,17037.583881493665,-0.22339883009920802,0.00021425458369281835,3.3899542031905466e-05,0.0,-0.11280009862511012,0.07738994998222738,5.870892391306874
0.12820000000000162,17106.21375889446,16529.7692585657,16629.93220455014,17046.219862976715,-0.22364209278302669,0.0002143219982489392,3.445184888271023e-05,0.0,-0.11279813342440792,0.07738665580514115,5.8708308213266776
0.13020000000000168,17115.767639734404,16538.197281763547,16639.913517253033,17054.846710029,-0.22388526241381518,0.000214388480021438,3.50045040370694e-05,0.0,-0.11278527990753491,0.07737591076859578,5.87078274410375
0.13220000000000173,17125.311778568037,16546.617839818067,16649.886818949548,17063.46429651666,-0.22412833516445824,0.0002144540263737055,3.5557502690621414e-05,0.0,-0.11275935282782935,0.07735619179968835,5.870750710613473
0.1342000000000018,17134.846042049678,16555.030806801464,16659.85197538719,17072.072496429886,-0.22437130720393442,0.00021451863467781304,3.6110840017435824e-05,0.0,-0.1127252430221143,0.07733087732996163,5.8707289380209335
0.13620000000000185,17144.37029696275,16563.4360569055,16669.808852436356,17080.67118388471,-0.2246141746973922,0.0002145823023146033,3.666451117010066e-05,0.0,-0.11268708416552403,0.07730282074000117,5.870712531331482
0.1382000000000019,17153.884410221635,16571.8334644433,16679.757316092197,17089.260233124885,-0.22485693380622634,0.00021464502667376721,3.721851127980267e-05,0.0,-0.11264811146490412,0.07727425304803343,5.870697651105291
0.14020000000000196,17163.388248873573,16580.222903851183,16689.69723247651,17097.839518523622,-0.22509958068815417,0.00021470680515394227,3.7772835456422946e-05,0.0,-0.11261082349315574,0.07724689539162957,5.870681324028259
0.14220000000000202,17172.88168010049,16588.60424969045,16699.628467839564,17106.408914585456,-0.22534211149729225,0.0002147676351627859,3.832747878861043e-05,0.0,-0.1125771168212507,0.07722205253342705,5.870661285243394
0.14420000000000208,17182.364571220874,16596.97737664923,16709.550888562015,17114.968295948063,-0.22558452238423438,0.00021482751411706913,3.888243634387863e-05,0.0,-0.11254839791951694,0.07720069052233391,5.870635847231274
0.14620000000000213,17191.836789691653,16605.342159544274,16719.46436115672,17123.51753738404,-0.22582680949612835,0.0002148864394427598,3.943770316868281e-05,0.0,-0.11252567607391205,0.0771835011312302,5.870603790873641
0.1482000000000022,17201.29820311002,16613.698473322776,16729.36875227063,17132.05651380274,-0.2260689689767541,0.00021494440857510312,3.9993274288519084e-05,0.0,-0.11250964044452577,0.07717095525774614,5.870564275054406
0.15020000000000225,17210.748679215314,16622.04619306417,16739.26392868666,17140.585100252072,-0.2263109969666026,0.00021500141895870934,4.0549144708009865e-05,0.0,-0.11250072387500831,0.07716334711074246,5.870516761755928
0.1522000000000023,17220.188085890863,16630.385193981943,16749.14975732549,17149.103171920313,-0.22655288960295328,0.00021505746804764236,4.110530941098386e-05,0.0,-0.1124991556301453,0.07716083070250632,5.870460954110756
0.15420000000000236,17229.616291165847,16638.71535142545,16759.026105247474,17157.610604137888,-0.22679464301995395,0.00021511255330549772,4.166176336059383e-05,0.0,-0.11250500488089756,0.07716344991583057,5.87039674528558
0.15620000000000242,17239.033163217155,16647.036540881705,16768.89283965447,17166.10727237921,-0.22703625334869976,0.00021516667220548543,4.2218501499376e-05,0.0,-0.11251821645952352,0.07717116320734242,5.87032417641962
0.15820000000000248,17248.43857037118,16655.348637977168,16778.749827891705,17174.59305226445,-0.22727771671731253,0.00021521982223051783,4.2775518749367135e-05,0.0,-0.11253864016078188,0.07718386383583983,5.870243402126848
0.16020000000000253,17257.83238110575,16663.65151847959,16788.596937449594,17183.067819561347,-0.22751902925102097,0.00021527200087329544,4.333281001218242e-05,0.0,-0.1125660546599089,0.07720139636081444,5.870154662310649
0.1622000000000026,17267.214464051896,16671.945058299745,16798.434035965627,17191.531450187005,-0.22776018707224074,0.00021532320563638326,4.3890370169127326e-05,0.0,-0.11260018694623734,0.07722357003626,5.870058259239781
0.16420000000000265,17276.584687995753,16680.22913349329,16808.260991226183,17199.983820209687,-0.22800118630065533,0.00021537343403229994,4.4448194081270686e-05,0.0,-0.1126407280277173,0.07725016962459569,5.869954539001949
0.1662000000000027,17285.942921880353,16688.503620262512,16818.07767116838,17208.42480585058,-0.2282420230532963,0.00021542268358359408,4.5006276589563965e-05,0.0,-0.11268734554034054,0.07728096407092223,5.86984387659284
0.16820000000000276,17295.289034807494,16696.76839495814,16827.883943881934,17216.854283485645,-0.2284826934446254,0.00021547095182293248,4.556461251492409e-05,0.0,-0.11273969379499005,0.07731571340709563,5.869726664016898
0.17020000000000282,17304.62289603956,16705.023334081117,16837.679677610966,17225.272129647343,-0.22872319358661505,0.00021551823629318168,4.612319665832929e-05,0.0,-0.11279742170807981,0.07735417419508026,5.869603300876792
0.17220000000000288,17313.944375001352,16713.268314284414,16847.464740755848,17233.678221026446,-0.22896351958883093,0.00021556453454748452,4.6682023800929257e-05,0.0,-0.11286017899016638,0.07739610376881186,5.869474187012891
0.17420000000000294,17323.253341281943,16721.503212374773,16857.239001875067,17242.072434473823,-0.22920366755851382,0.00021560984414934988,4.724108870414511e-05,0.0,-0.11292762090530743,0.07744126349109354,5.869339716825892
0.176200000000003,17332.549664636485,16729.727905314547,16867.002329687013,17250.454647002214,-0.2294436336006622,0.00021565416267272752,4.7800386109754164e-05,0.0,-0.1129994118625867,0.07748942120636117,5.869200274975833
0.17820000000000305,17341.833214988026,16737.9422702234,16876.754593071826,17258.824735788017,-0.22968341381811458,0.00021569748770209783,4.835991073999968e-05,0.0,-0.11307522805749923,0.07754035303980052,5.869056233201903
0.1802000000000031,17351.103862429358,16746.14618438017,16886.495661073233,17267.182578173037,-0.22992300431163293,0.00021573981683253385,4.8919657297706413e-05,0.0,-0.11315475934443328,0.07759384466799413,5.868907948050192
0.18220000000000316,17360.361477224844,16754.339525224572,16896.225402900363,17275.528051666308,-0.2301624011799861,0.0002157811476698121,4.9479620466361725e-05,0.0,-0.11323771049047493,0.07764969216478812,5.868755759332849
0.18420000000000322,17369.605929812198,16762.522170359018,16905.943687929557,17283.861033945806,-0.2304016005200329,0.0002158214778304661,5.003979491023636e-05,0.0,-0.11332380193508033,0.0777077025082716,5.868599989172207
0.18620000000000328,17378.837090804333,16770.693997550366,16915.65038570622,17292.18140286028,-0.23064059842680665,0.00021586080494187337,5.060017527447444e-05,0.0,-0.11341277015820332,0.07776769381956444,5.86844094150922
0.18820000000000334,17388.054830991183,16778.854884731692,16925.345365946603,17300.489036430954,-0.23087939099359908,0.00021589912664234838,5.11607561852138e-05,0.0,-0.11350436774154929,0.07782949539171555,5.868278901976554
0.1902000000000034,17397.25902134149,16787.004710004057,16935.028498539636,17308.783812853344,-0.2311179743120448,0.00021593644058120424,5.172153224968423e-05,0.0,-0.11359836319219781,0.07789294755634836,5.868114138054784
0.19220000000000345,17406.449533004627,16795.143351638264,16944.69965354875,17317.065610498994,-0.2313563444722061,0.00021597274441884366,5.228249805631392e-05,0.0,-0.11369454058540554,0.07795790142710732,5.867946899444754
0.1942000000000035,17415.626237312394,16803.270688076624,16954.358701213652,17325.33430791724,-0.23159449756265824,0.00021600803582683538,5.2843648174838356e-05,0.0,-0.11379269907265625,0.07802421855153982,5.8677774186017695
0.19620000000000357,17424.78900578085,16811.386597934717,16964.005511952175,17333.589783836975,-0.2318324296705744,0.00021604231248799452,5.340497715640999e-05,0.0,-0.11389265229245063,0.07809177049713735,5.867605911387365
0.19820000000000362,17433.937710112088,16819.49096000314,16973.639956362065,17341.83191716837,-0.23207013688181177,0.00021607557209644664,5.3966479533715164e-05,0.0,-0.11399422771393733,0.07816043839216566,5.867432577803085
0.20020000000000368,17443.072222196028,16827.583653249258,16983.261905222764,17350.06058700468,-0.23230761528099694,0.00021610781235773522,5.452814982106189e-05,0.0,-0.11409726593763507,0.07823011243788236,5.867257602777589
0.20220000000000374,17452.19241411225,16835.664556818967,16992.87122949724,17358.27567262394,-0.23254486095161228,0.0002161390309888653,5.5089982514520616e-05,0.0,-0.11420161997241243,0.07830069140524834,5.867081156984361
0.2042000000000038,17461.298158131765,16843.733550038436,17002.467800333765,17366.477053490755,-0.2327818699760827,0.00021616922571841986,5.5651972092012666e-05,0.0,-0.11430715450389572,0.07837208212648582,5.8669033976720435
0.20620000000000385,17470.389326718792,16851.790512415842,17012.05148906773,17374.664609258,-0.23301863843586168,0.00021619839428658897,5.6214113013438845e-05,0.0,-0.11441374516616355,0.07844419898956376,5.866724469493263
0.2082000000000039,17479.465792532577,16859.83532364313,17021.622167223406,17382.838219768608,-0.2332551624115187,0.00021622653444529263,5.6776399720778314e-05,0.0,-0.11452127782577183,0.07851696344176361,5.866544505321181
0.21020000000000397,17488.52742842915,16867.86786359773,17031.17970651575,17390.997765057276,-0.2334914379828262,0.0002162536439582381,5.73388266382085e-05,0.0,-0.11462964788506132,0.07859030350703616,5.866363627045414
0.21220000000000402,17497.57410746315,16875.888012344323,17040.723978852217,17399.1431253522,-0.23372746122884736,0.0002162797206009847,5.790138817223737e-05,0.0,-0.11473875960968176,0.07866415332048543,5.866181946341422
0.21420000000000408,17506.605702889552,16883.895650136546,17050.25485633447,17407.274181076817,-0.23396322822802307,0.0002163047621610444,5.84640787117893e-05,0.0,-0.11484852548406595,0.07873845268249201,5.8659995654088
0.21620000000000414,17515.62208816548,16891.890657418753,17059.772211260264,17415.390812851558,-0.23419873505826103,0.00021632876643794003,5.9026892628338e-05,0.0,-0.11495886559716989,0.0788131466340152,5.865816577675638
0.2182000000000042,17524.623136951974,16899.872914827716,17069.275916125123,17423.492901495527,-0.23443397779702277,0.0002163517312432845,5.958982427602924e-05,0.0,-0.11506970706001175,0.07888818505408772,5.865633068467031
0.22020000000000425,17533.60872311577,16907.842303194364,17078.765843624187,17431.580328028263,-0.23466895252141295,0.00021637365440086288,6.015286799178148e-05,0.0,-0.11518098345577413,0.07896352227998464,5.8654491156367055
0.2222000000000043,17542.57872073104,16915.79870354552,17088.241866653952,17439.652973671444,-0.23490365530826762,0.00021639453374669654,6.071601809542332e-05,0.0,-0.11529263432247644,0.07903911675003758,5.865264790161675
0.22420000000000437,17551.533004081197,16923.741997105593,17097.703858314042,17447.710719850616,-0.23513808223424323,0.00021641436712912425,6.127926888980649e-05,0.0,-0.11540460466810074,0.07911493066897979,5.8650801566999275
0.22620000000000443,17560.47144766064,16931.672065298317,17107.15169190898,17455.753448196905,-0.23537222937590582,0.00021643315240888524,6.18426146609132e-05,0.0,-0.1155168445173399,0.07919092969522432,5.864895274112058
0.22820000000000448,17569.3939261765,16939.588789748457,17116.585240949957,17463.781040548725,-0.23560609280982034,0.00021645088745917036,6.240604967799792e-05,0.0,-0.11562930848911626,0.07926708264946365,5.8647101959477395
0.23020000000000454,17578.300314550423,16947.492052283524,17126.004379156577,17471.7933789535,-0.23583966861264022,0.00021646757016571773,6.296956819369518e-05,0.0,-0.11574195540373895,0.07934336124378927,5.864524970898284
0.2322000000000046,17587.190487920318,16955.381734935483,17135.408980458633,17479.79034566935,-0.23607295286119737,0.00021648319842687102,6.353316444415074e-05,0.0,-0.11585474791843814,0.07941973983044742,5.864339643216708
0.23420000000000465,17596.064321642083,16963.257719942452,17144.798918997854,17487.771823166822,-0.23630594163259194,0.00021649777015366497,6.409683264914107e-05,0.0,-0.11596765218991419,0.07949619516927418,5.864154253106822
0.2362000000000047,17604.921691291405,16971.119889750422,17154.174069129647,17495.737694130574,-0.23653863100428296,0.00021651128326989253,6.466056701218484e-05,0.0,-0.1160806375625109,0.0795727062128403,5.86396883708292
0.23820000000000477,17613.762472665447,16978.968127014945,17163.534305424862,17503.687841461076,-0.2367710170541785,0.0002165237357121706,6.522436172069681e-05,0.0,-0.11619367628057788,0.07964925390830686,5.863783428301691
0.24020000000000483,17622.58654178463,16986.80231460282,17172.879502671534,17511.622148276303,-0.23700309586072632,0.00021653512543002044,6.578821094608634e-05,0.0,-0.11630674322358503,0.07972582101499032,5.863598056867978
0.24220000000000488,17631.393774894368,16994.62233559382,17182.20953587661,17519.540497913436,-0.23723486350300518,0.00021654545038593954,6.635210884389613e-05,0.0,-0.11641981566259775,0.07980239193667325,5.863412750115997
0.24420000000000494,17640.184048466774,17002.428073282343,17191.52428026771,17527.44277393054,-0.2374663160608154,0.00021655470855546787,6.691604955392757e-05,0.0,-0.11653287303672476,0.07987895256769474,5.863227532867548
0.246200000000005,17648.95723920244,17010.21941117912,17200.82361129485,17535.32886010826,-0.2376974496147706,0.00021656289792726575,6.74800272003652e-05,0.0,-0.11664589674817585,0.07995549015187903,5.863042427668824
0.24820000000000506,17657.713224032115,17017.99623301292,17210.107404632177,17543.198640451486,-0.23792826024638877,0.0002165700165031731,6.804403589190378e-05,0.0,-0.11675886997467606,0.08003199315343251,5.862857455007232
0.2502000000000051,17666.451880118486,17025.75842273217,17219.37553617971,17551.051999191066,-0.23815874403818446,0.0002165760622982974,6.86080697218927e-05,0.0,-0.11687177749794918,0.08010845113891726,5.862672633509684
0.25220000000000486,17675.173084857855,17033.505864506715,17228.62788206504,17558.888820785447,-0.2383888970737603,0.00021658103334106405,6.917212276843967e-05,0.0,-0.11698460554714853,0.08018485466953006,5.862487980123673
0.25420000000000464,17683.876715881874,17041.238442729424,17237.864318645086,17566.708989922347,-0.23861871543789878,0.00021658492767329422,6.973618909455982e-05,0.0,-0.11709734165609693,0.08026119520289299,5.862303510282424
0.2562000000000044,17692.56265105928,17048.95604201789,17247.084722507796,17574.512391520468,-0.23884819521665543,0.00021658774335028353,7.030026274830459e-05,0.0,-0.11720997453323037,0.08033746500359822,5.86211923805538
0.2582000000000042,17701.230768497582,17056.658547216113,17256.288970473866,17582.29891073112,-0.2390773324974503,0.00021658947844085887,7.086433776288658e-05,0.0,-0.11732249394333337,0.08041365706187348,5.861935176285092
0.260200000000004,17709.88094654479,17064.345843396128,17265.476939598455,17590.068432939905,-0.23930612336916113,0.000216590131027453,7.142840815681749e-05,0.0,-0.11743489060008078,0.08048976501968981,5.861751336711631
0.26220000000000376,17718.513063791095,17072.0178158597,17274.6485071729,17597.82084376835,-0.23953456392221562,0.00021658969920615966,7.19924679340395e-05,0.0,-0.1175471560685095,0.08056578310370509,5.86156773008553
0.26420000000000354,17727.126999070606,17079.674350139976,17283.80355072641,17605.556029075608,-0.23976265024868498,0.00021658818108682347,7.255651108406059e-05,0.0,-0.11765928267661994,0.08064170606449378,5.861384366270181
0.2662000000000033,17735.722631463042,17087.31533200312,17292.941948027783,17613.27387496007,-0.23999037844237658,0.00021658557479309858,7.3120531582079e-05,0.0,-0.11777126343532493,0.08071752912152158,5.861201254334593
0.2682000000000031,17744.299840295404,17094.94064744998,17302.063577087105,17620.97426776104,-0.24021774459892742,0.0002165818784625015,7.368452338914026e-05,0.0,-0.11788309196608397,0.08079324791340758,5.861018402637258
0.2702000000000029,17752.858505143682,17102.550182717758,17311.168316157436,17628.657094060374,-0.24044474481589745,0.00021657709024649726,7.424848045224815e-05,0.0,-0.11799476243550655,0.08086885845298335,5.860835818901965
0.27220000000000266,17761.39850583457,17110.143824281608,17320.256043736514,17636.322240684112,-0.24067137519286347,0.00021657120831055634,7.481239670451782e-05,0.0,-0.11810626949633314,0.08094435708673878,5.860653510286231
0.27420000000000244,17769.91972244711,17117.721458856304,17329.326638568433,17643.96959470413,-0.24089763183151208,0.00021656423083422655,7.53762660653033e-05,0.0,-0.11821760823425834,0.08101974045828643,5.860471483442989
0.2762000000000022,17778.422035314397,17125.282973397905,17338.37997964535,17651.59904343978,-0.24112351083573477,0.00021655615601118912,7.594008244033888e-05,0.0,-0.11832877412006099,0.08109500547547649,5.860289744576114
0.278200000000002,17786.90532502526,17132.828255105327,17347.415946209137,17659.2104744595,-0.24134900831172082,0.00021654698204933418,7.650383972188134e-05,0.0,-0.11843976296654064,0.08117014928081598,5.8601082994904035
0.2802000000000018,17795.36947242592,17140.35719142202,17356.4344177531,17666.803775582477,-0.24157412036805198,0.00021653670717081607,7.70675317888444e-05,0.0,-0.11855057088984845,0.08124516922491108,5.859927153636458
0.28220000000000156,17803.814358621687,17147.8696700376,17365.435274023606,17674.37883488024,-0.2417988431157971,0.00021652532961212532,7.763115250692927e-05,0.0,-0.11866119427476879,0.08132006284262351,5.859746312150995
0.28420000000000134,17812.2398649786,17155.365578889436,17374.418395021807,17681.9355406783,-0.2420231726686058,0.00021651284762415042,7.819469572878292e-05,0.0,-0.11877162974365571,0.08139482783174115,5.859565779892919
0.2862000000000011,17820.645873125126,17162.844806164303,17383.383661005257,17689.473781557765,-0.2422471051428038,0.00021649925947224663,7.87581552941282e-05,0.0,-0.11888187412860723,0.08146946203387376,5.8593855614756505
0.2882000000000009,17829.03226495378,17170.307240299986,17392.33095248962,17696.993446356944,-0.24247063665748705,0.00021648456343628447,7.932152502990565e-05,0.0,-0.11899192444657195,0.08154396341736266,5.859205661296049
0.2902000000000007,17837.39892262281,17177.752769986895,17401.260150250306,17704.494424172975,-0.2426937633346169,0.0002164687578107259,7.988479875041055e-05,0.0,-0.11910177787715863,0.08161833006205059,5.8590260835602015
0.29220000000000046,17845.745728557853,17185.181284169666,17410.171135324134,17711.976604363415,-0.24291648129911497,0.0002164518409046856,8.044797025745813e-05,0.0,-0.11921143174285977,0.08169256014570714,5.858846832306415
0.29420000000000024,17854.072565453556,17192.592672048795,17419.063789010987,17719.439876547865,-0.24313878667895816,0.00021643381104198968,8.101103334048855e-05,0.0,-0.1193208834913779,0.08176665193190043,5.858667911425771
0.2962,17862.379316275248,17199.986823082196,17427.93799287546,17726.884130609553,-0.2433606756052739,0.00021641466656124224,8.157398177674816e-05,0.0,-0.11943013068000127,0.08184060375927733,5.858489324680295
0.2981999999999998,17870.665864260583,17207.363626986844,17436.793628748514,17734.309256696917,-0.24358214421243546,0.000216394405815875,8.213680933140703e-05,0.0,-0.11953917096168008,0.08191441403200943,5.8583110757191585
0.3001999999999996,17878.93209292115,17214.72297374034,17445.630578729113,17741.715145225244,-0.24380318863815725,0.0002163730271742205,8.269950975771986e-05,0.0,-0.11964800207268896,0.08198808121133072,5.858133168093037
0.30219999999999936,17887.17788604415,17222.064753582516,17454.44872518584,17749.1016868782,-0.24402380502359017,0.00021635052901957112,8.326207679716299e-05,0.0,-0.11975662182172254,0.08206160380805834,5.857955605266799
0.30419999999999914,17895.403127693986,17229.388857017013,17463.24795075858,17756.468772609463,-0.24424398951341764,0.00021632690975023888,8.38245041795845e-05,0.0,-0.11986502808022831,0.0821349803759623,5.857778390630771
0.3061999999999989,17903.607702213914,17236.695174812878,17472.028138360114,17763.816293644275,-0.24446373825595102,0.0002163021677795995,8.438678562334989e-05,0.0,-0.11997321877393573,0.08220820950595853,5.857601527510594
0.3081999999999987,17911.791494227662,17243.983598006125,17480.789171177745,17771.144141481032,-0.24468304740322527,0.00021627630153618301,8.494891483548477e-05,0.0,-0.12008119187534232,0.08228128982095563,5.857425019175979
0.3101999999999985,17919.95438864104,17251.254017901327,17489.530932674945,17778.45220789285,-0.2449019131110951,0.00021624930946370288,8.551088551183401e-05,0.0,-0.12018894539715756,0.08235421997136291,5.857248868848349
0.31219999999999826,17928.096270643557,17258.50632607318,17498.25330659295,17785.740384929144,-0.2451203315393306,0.00021622119002113744,8.607269133718799e-05,0.0,-0.12029647738651235,0.08242699863112031,5.857073079707585
0.31419999999999804,17936.21702571004,17265.740414368076,17506.95617695239,17793.008564917174,-0.24533829885171357,0.00021619194168276314,8.663432598546034e-05,0.0,-0.12040378591991745,0.08249962449424471,5.856897654897901
0.3161999999999978,17944.31653960225,17272.956174905656,17515.6394280549,17800.25664046363,-0.24555581121613365,0.00021616156293824125,8.719578311981767e-05,0.0,-0.12051086909887265,0.08257209627182151,5.8567225975329675
0.3181999999999976,17952.394698370437,17280.153500080385,17524.30294448472,17807.48450445618,-0.24577286480468402,0.00021613005229264627,8.775705639282915e-05,0.0,-0.12061772504601809,0.0826444126893684,5.856547910700394
0.3201999999999974,17960.451388355013,17287.33228256309,17532.94661111029,17814.692050065012,-0.24598945579375808,0.00021609740826655593,8.831813944662785e-05,0.0,-0.12072435190182315,0.08271657248456807,5.856373597465595
0.32219999999999716,17968.486496188078,17294.492415302535,17541.570313085882,17821.8791707444,-0.24620558036414594,0.00021606362939606636,8.88790259130543e-05,0.0,-0.12083074782169212,0.08278857440528636,5.856199660875159
0.32419999999999694,17976.499908795045,17301.633791526954,17550.17393585315,17829.045760234236,-0.24642123470113012,0.0002160287142328847,8.943970941379959e-05,0.0,-0.12093691097349114,0.0828604172078801,5.856026103959742
0.3261999999999967,17984.491513396242,17308.75630474559,17558.757365142756,17836.19171256159,-0.24663641499458278,0.00021599266134437307,9.000018356058537e-05,0.0,-0.12104283953541084,0.08293209965573395,5.85585292973655
0.3281999999999965,17992.46119750844,17315.85984875025,17567.320486975947,17843.316922042224,-0.2468511174390613,0.00021595546931359177,9.056044195527571e-05,0.0,-0.12114853169416764,0.08300362051803045,5.855680141211439
0.3301999999999963,18000.408848946496,17322.944317616828,17575.863187666124,17850.421283282136,-0.2470653382339058,0.00021591713673936867,9.1120478190074e-05,0.0,-0.12125398564341562,0.08307497856866351,5.855507741380772
0.33219999999999605,18008.33435582487,17330.00960570685,17584.385353820446,17857.504691179096,-0.24727907358333506,0.00021587766223634536,9.16802858476379e-05,0.0,-0.12135919958246574,0.08314617258536372,5.855335733232901
0.33419999999999583,18016.237606559243,17337.05560766899,17592.88687234138,17864.567040924157,-0.24749231969654326,0.00021583704443504134,9.223985850125233e-05,0.0,-0.12146417171516789,0.08321720134893347,5.855164119749475
0.3361999999999956,18024.118489868048,17344.0822184406,17601.367630428278,17871.608228003184,-0.24770507278779674,0.00021579528198189006,9.279918971497872e-05,0.0,-0.12156890024899594,0.08328806364262317,5.854992903906499
0.3381999999999954,18031.976894774045,17351.089333249212,17609.82751557896,17878.628148198375,-0.2479173290765307,0.00021575237353931172,9.335827304382364e-05,0.0,-0.12167338339429336,0.08335875825161529,5.854822088675217
0.3401999999999952,18039.812710605886,17358.076847614102,17618.26641559125,17885.626697589756,-0.24812908478744594,0.00021570831778575084,9.391710203386682e-05,0.0,-0.12177761936364094,0.08342928396259391,5.854651677022833
0.34219999999999495,18047.62582699965,17365.044657347724,17626.684218564555,17892.60377255672,-0.24834033615060536,0.00021566311341573953,9.447567022244146e-05,0.0,-0.12188160637137192,0.08349963956341468,5.854481671913081
0.34419999999999473,18055.416133900406,17371.992658557298,17635.080812901397,17899.55926977947,-0.24855107940153115,0.00021561675913993436,9.503397113827788e-05,0.0,-0.12198534263315873,0.08356982384282184,5.854312076306696
0.3461999999999945,18063.18352156375,17378.92074764625,17643.45608730898,17906.493086240615,-0.24876131078130134,0.00021556925368518775,9.559199830166476e-05,0.0,-0.12208882636571557,0.08363983559024828,5.854142893161755
0.3481999999999943,18070.92788055735,17385.828821315747,17651.809930800737,17913.40511922656,-0.24897102653664654,0.00021552059579457781,9.614974522461229e-05,0.0,-0.12219205578658623,0.0837096735956699,5.853974125433909
0.35019999999999407,18078.649101762476,17392.716776566172,17660.142232697835,17920.295266329074,-0.24918022292004705,0.0002154707842274813,9.670720541097872e-05,0.0,-0.12229502911395639,0.08377933664947983,5.8538057760766025
0.35219999999999385,18086.347076375543,17399.584510698616,17668.45288263077,17927.163425446746,-0.2493888961898293,0.00021541981775960125,9.72643723566838e-05,0.0,-0.1223977445665704,0.08384882354243176,5.853637848041159
0.35419999999999363,18094.02169590961,17406.431921316387,17676.74177054084,17934.009494786464,-0.24959704261026316,0.00021536769518302828,9.782123954980328e-05,0.0,-0.12250020036366434,0.0839181330655963,5.853470344276839
0.3561999999999934,18101.672852195945,17413.25890632645,17685.00878668171,17940.833372864898,-0.24980465845165833,0.00021531441530629226,9.837780047078663e-05,0.0,-0.12260239472494606,0.08398726401034792,5.853303267730864
0.3581999999999932,18109.300437385507,17420.06536394092,17693.25382162091,17947.634958509974,-0.2500117399904614,0.0002152599769544084,9.893404859257979e-05,0.0,-0.12270432587062423,0.08405621516838585,5.853136621348362
0.36019999999999297,18116.904343950468,17426.851192678576,17701.47676624138,17954.41415086235,-0.25021828350935277,0.00021520437896891168,9.948997738078646e-05,0.0,-0.12280599202144935,0.08412498533176366,5.852970408072311
0.36219999999999275,18124.48446468574,17433.61629136625,17709.677511742964,17961.170849376875,-0.2504242852973433,0.00021514762020793314,0.00010004558029384769,0.0,-0.12290739139877617,0.08419357329293266,5.852804630843449
0.36419999999999253,18132.04069271044,17440.360559140347,17717.855949643916,17967.904953824036,-0.2506297416498709,0.00021508969954621513,0.00010060085078318539,0.0,-0.12300852222465772,0.08426197784480648,5.852639292600155
0.3661999999999923,18139.572921469444,17447.0838954483,17726.011971782413,17974.61636429143,-0.25083464886889784,0.0002150306158751811,0.00010115578229336888,0.0,-0.12310938272195952,0.0843301977808416,5.852474396278296
0.3681999999999921,18147.081044734838,17453.78620004999,17734.145470318068,17981.304981185214,-0.25103900326300715,0.00021497036810298005,0.00010171036826227319,0.0,-0.12320997111446431,0.08439823189510803,5.852309944811093
0.37019999999999187,18154.564956607413,17460.46737301924,17742.2563377334,17987.97070523155,-0.25124280114749936,0.0002149089551545121,0.00010226460212124904,0.0,-0.12331028562698709,0.08446607898236994,5.85214594112897
0.37219999999999165,18162.024551518192,17467.12731474523,17750.344466835333,17994.613437478034,-0.25144603884448935,0.0002148463759715038,0.00010281847729527813,0.0,-0.12341032448552951,0.0845337378381911,5.851982388159354
0.37419999999999143,18169.459724229855,17473.765925933934,17758.409750756695,18001.233079295158,-0.2516487126830028,0.00021478262951253255,0.00010337198720313055,0.0,-0.12351008591740488,0.08460120725902173,5.851819288826518
0.3761999999999912,18176.870369838252,17480.383107609585,17766.452082957687,18007.829532377713,-0.2518508189990731,0.00021471771475307195,0.00010392512525754429,0.0,-0.12360956815136732,0.08466848604228601,5.851656646051413
0.378199999999991,18184.25638377387,17486.978761116086,17774.47135722737,18014.40269874625,-0.25205235413583765,0.00021465163068554345,0.00010447788486536973,0.0,-0.12370876941778092,0.08473557298650028,5.851494462751444
0.38019999999999077,18191.61766180328,17493.552788118446,17782.467467685114,18020.952480748474,-0.2522533144436345,0.00021458437631935532,0.00010503025942773872,0.0,-0.12380768794873709,0.0848024668913515,5.851332741840328
0.38219999999999055,18198.954100030638,17500.105090604186,17790.4403087821,18027.47878106068,-0.25245369628009906,0.000214515950680953,0.00010558224234024022,0.0,-0.12390632197820979,0.0848691665578054,5.851171486227883
0.3841999999999903,18206.26559489911,17506.635570884766,17798.38977530276,18033.981502689167,-0.2526534960102602,0.00021444635281385157,0.00010613382699307169,0.0,-0.12400466974218415,0.08493567078819338,5.851010698819868
0.3861999999999901,18213.552043192325,17513.14413159701,17806.315762366234,18040.46054897163,-0.25285271000663656,0.0002143755817786844,0.00010668500677119865,0.0,-0.12410272947882842,0.08500197838633193,5.850850382517756
0.3881999999999899,18220.81334203585,17519.63067570451,17814.218165427847,18046.915823578598,-0.2530513346493334,0.0002143036366532348,0.00010723577505453944,0.0,-0.12420049942858156,0.08506808815758105,5.850690540218618
0.39019999999998967,18228.049388898617,17526.095106499008,17822.096880280515,18053.347230514806,-0.2532493663261383,0.0002142305165324979,0.00010778612521811183,0.0,-0.1242979778343238,0.08513399890896216,5.850531174814902
0.39219999999998945,18235.260081594355,17532.537327601807,17829.95180305624,18059.754674120584,-0.25344680143261755,0.00021415622052870084,0.00010833605063221077,0.0,-0.12439516294150678,0.08519970944924654,5.8503722891942616
0.3941999999999892,18242.445318283037,17538.957242965193,17837.782830227512,18066.138059073284,-0.2536436363722123,0.00021408074777134502,0.00010888554466256676,0.0,-0.12449205299826106,0.0852652185890302,5.85021388623941
0.396199999999989,18249.604997472303,17545.354756873778,17845.589858608764,18072.49729038863,-0.25383986755633453,0.00021400409740726482,0.00010943460067050839,0.0,-0.12458864625552996,0.08533052514082322,5.850055968827943
0.3981999999999888,18256.739018018885,17551.72977394591,17853.372785357773,18078.832273422122,-0.2540354914044629,0.0002139262686006475,0.00010998321201314068,0.0,-0.12468494096721106,0.0853956279191484,5.8498985398321555
0.40019999999998856,18263.847279130037,17558.082199135057,17861.13150797712,18085.142913870397,-0.2542305043442388,0.0002138472605330774,0.0001105313720435098,0.0,-0.12478093539022586,0.08546052574058792,5.849741602118939
0.40219999999998834,18270.929680364923,17564.411937731165,17868.865924315596,18091.429117772605,-0.25442490281156194,0.00021376707240357631,0.00011107907411075923,0.0,-0.12487662778468823,0.08552521742389911,5.84958515854956
0.4041999999999881,18277.986121636055,17570.718895362046,17876.57593256961,18097.69079151178,-0.25461868325068615,0.000213685703428636,0.00011162631156030976,0.0,-0.12497201641397049,0.08558970179005844,5.8494292119795706
0.4061999999999879,18285.016503210685,17577.002977994725,17884.261431284594,18103.927841816207,-0.2548118421143149,0.00021360315284226937,0.0001121730777340047,0.0,-0.12506709954484913,0.08565397766236282,5.849273765258609
0.4081999999999877,18292.0207257122,17583.264091936806,17891.92231935643,18110.140175760745,-0.25500437586369673,0.00021351941989602866,0.00011271936597031683,0.0,-0.12516187544757562,0.08571804386647557,5.849118821230296
0.41019999999998746,18298.998690121527,17589.50214383785,17899.558496032834,18116.32770076823,-0.25519628096872066,0.00021343450385905103,0.00011326516960448582,0.0,-0.12525634239598624,0.08578189923050364,5.848964382732094
0.41219999999998724,18305.950297778512,17595.717040690684,17907.16986091475,18122.49032461078,-0.25538755390801166,0.00021334840401809928,0.00011381048196868783,0.0,-0.12535049866760065,0.08584554258506327,5.848810452595161
0.414199999999987,18312.87545038332,17601.90868983278,17914.756313957747,18128.627955411153,-0.25557819116902536,0.00021326111967758877,0.00011435529639222154,0.0,-0.12544434254372586,0.08590897276335126,5.848657033644211
0.4161999999999868,18319.77404999781,17608.076998947578,17922.317755473403,18134.740501644093,-0.25576818924814354,0.00021317265015963205,0.00011489960620165692,0.0,-0.12553787230952168,0.0859721886011897,5.84850412869742
